,Model,Label,location,energyscore,it
0,MOBS_NEU-GLEAM_COVID,Scenario A,US,170.33259797911123,0
1,MOBS_NEU-GLEAM_COVID,Scenario B,US,117.69059975421037,0
2,MOBS_NEU-GLEAM_COVID,Scenario C,US,118.40970979617,0
3,MOBS_NEU-GLEAM_COVID,Scenario D,US,99.29363039187584,0
4,MOBS_NEU-GLEAM_COVID,Scenario E,US,97.72202887176033,0
5,MOBS_NEU-GLEAM_COVID,Scenario A,US,170.33121607290875,1
6,MOBS_NEU-GLEAM_COVID,Scenario B,US,117.69373297187019,1
7,MOBS_NEU-GLEAM_COVID,Scenario C,US,118.40782082814816,1
8,MOBS_NEU-GLEAM_COVID,Scenario D,US,99.28483209942547,1
9,MOBS_NEU-GLEAM_COVID,Scenario E,US,97.72715616902381,1
10,MOBS_NEU-GLEAM_COVID,Scenario A,US,170.32864971955917,2
11,MOBS_NEU-GLEAM_COVID,Scenario B,US,117.69869148035569,2
12,MOBS_NEU-GLEAM_COVID,Scenario C,US,118.41565193401435,2
13,MOBS_NEU-GLEAM_COVID,Scenario D,US,99.2825746532958,2
14,MOBS_NEU-GLEAM_COVID,Scenario E,US,97.72926283336786,2
15,MOBS_NEU-GLEAM_COVID,Scenario A,US,170.32851668599963,3
16,MOBS_NEU-GLEAM_COVID,Scenario B,US,117.69691399378912,3
17,MOBS_NEU-GLEAM_COVID,Scenario C,US,118.41263116311997,3
18,MOBS_NEU-GLEAM_COVID,Scenario D,US,99.29321619558394,3
19,MOBS_NEU-GLEAM_COVID,Scenario E,US,97.72855728035182,3
20,MOBS_NEU-GLEAM_COVID,Scenario A,US,170.33527468205392,4
21,MOBS_NEU-GLEAM_COVID,Scenario B,US,117.69063483499517,4
22,MOBS_NEU-GLEAM_COVID,Scenario C,US,118.4092071623525,4
23,MOBS_NEU-GLEAM_COVID,Scenario D,US,99.28648722764251,4
24,MOBS_NEU-GLEAM_COVID,Scenario E,US,97.74168472320068,4
25,MOBS_NEU-GLEAM_COVID,Scenario A,US,170.33143217365372,5
26,MOBS_NEU-GLEAM_COVID,Scenario B,US,117.69426786134188,5
27,MOBS_NEU-GLEAM_COVID,Scenario C,US,118.40734108112794,5
28,MOBS_NEU-GLEAM_COVID,Scenario D,US,99.28693522992683,5
29,MOBS_NEU-GLEAM_COVID,Scenario E,US,97.73087444192238,5
30,MOBS_NEU-GLEAM_COVID,Scenario A,US,170.33455639275002,6
31,MOBS_NEU-GLEAM_COVID,Scenario B,US,117.69448875057877,6
32,MOBS_NEU-GLEAM_COVID,Scenario C,US,118.40876546975177,6
33,MOBS_NEU-GLEAM_COVID,Scenario D,US,99.28534256309679,6
34,MOBS_NEU-GLEAM_COVID,Scenario E,US,97.71010555188843,6
35,MOBS_NEU-GLEAM_COVID,Scenario A,US,170.33034778735492,7
36,MOBS_NEU-GLEAM_COVID,Scenario B,US,117.6935895403298,7
37,MOBS_NEU-GLEAM_COVID,Scenario C,US,118.41546852775447,7
38,MOBS_NEU-GLEAM_COVID,Scenario D,US,99.29025515413053,7
39,MOBS_NEU-GLEAM_COVID,Scenario E,US,97.70982551724741,7
40,MOBS_NEU-GLEAM_COVID,Scenario A,US,170.3254140043582,8
41,MOBS_NEU-GLEAM_COVID,Scenario B,US,117.69652370269955,8
42,MOBS_NEU-GLEAM_COVID,Scenario C,US,118.4087961227507,8
43,MOBS_NEU-GLEAM_COVID,Scenario D,US,99.28717364931906,8
44,MOBS_NEU-GLEAM_COVID,Scenario E,US,97.7407288423813,8
45,MOBS_NEU-GLEAM_COVID,Scenario A,US,170.33042287827746,9
46,MOBS_NEU-GLEAM_COVID,Scenario B,US,117.69633667631099,9
47,MOBS_NEU-GLEAM_COVID,Scenario C,US,118.41212259392795,9
48,MOBS_NEU-GLEAM_COVID,Scenario D,US,99.28042063158676,9
49,MOBS_NEU-GLEAM_COVID,Scenario E,US,97.72831071669096,9
50,MOBS_NEU-GLEAM_COVID,Scenario A,US,170.3319213705731,10
51,MOBS_NEU-GLEAM_COVID,Scenario B,US,117.70243259293566,10
52,MOBS_NEU-GLEAM_COVID,Scenario C,US,118.40750736336103,10
53,MOBS_NEU-GLEAM_COVID,Scenario D,US,99.27564093267986,10
54,MOBS_NEU-GLEAM_COVID,Scenario E,US,97.71847478009951,10
55,MOBS_NEU-GLEAM_COVID,Scenario A,US,170.33418178993432,11
56,MOBS_NEU-GLEAM_COVID,Scenario B,US,117.69902419878755,11
57,MOBS_NEU-GLEAM_COVID,Scenario C,US,118.41555020563642,11
58,MOBS_NEU-GLEAM_COVID,Scenario D,US,99.29547482996075,11
59,MOBS_NEU-GLEAM_COVID,Scenario E,US,97.72196171114676,11
60,MOBS_NEU-GLEAM_COVID,Scenario A,US,170.3276501918841,12
61,MOBS_NEU-GLEAM_COVID,Scenario B,US,117.6996043530329,12
62,MOBS_NEU-GLEAM_COVID,Scenario C,US,118.410558891422,12
63,MOBS_NEU-GLEAM_COVID,Scenario D,US,99.29860966958175,12
64,MOBS_NEU-GLEAM_COVID,Scenario E,US,97.73081468671077,12
65,MOBS_NEU-GLEAM_COVID,Scenario A,US,170.32939240770534,13
66,MOBS_NEU-GLEAM_COVID,Scenario B,US,117.68766340908462,13
67,MOBS_NEU-GLEAM_COVID,Scenario C,US,118.41082011338236,13
68,MOBS_NEU-GLEAM_COVID,Scenario D,US,99.28589098710442,13
69,MOBS_NEU-GLEAM_COVID,Scenario E,US,97.7214643707743,13
70,MOBS_NEU-GLEAM_COVID,Scenario A,US,170.3303999604531,14
71,MOBS_NEU-GLEAM_COVID,Scenario B,US,117.6916335318783,14
72,MOBS_NEU-GLEAM_COVID,Scenario C,US,118.41696871188594,14
73,MOBS_NEU-GLEAM_COVID,Scenario D,US,99.28667148561793,14
74,MOBS_NEU-GLEAM_COVID,Scenario E,US,97.72913989974266,14
75,MOBS_NEU-GLEAM_COVID,Scenario A,US,170.33001889715968,15
76,MOBS_NEU-GLEAM_COVID,Scenario B,US,117.6912570563874,15
77,MOBS_NEU-GLEAM_COVID,Scenario C,US,118.40890901284337,15
78,MOBS_NEU-GLEAM_COVID,Scenario D,US,99.30191817886764,15
79,MOBS_NEU-GLEAM_COVID,Scenario E,US,97.73492799575716,15
80,MOBS_NEU-GLEAM_COVID,Scenario A,US,170.33331074555872,16
81,MOBS_NEU-GLEAM_COVID,Scenario B,US,117.6936259580832,16
82,MOBS_NEU-GLEAM_COVID,Scenario C,US,118.40668711344784,16
83,MOBS_NEU-GLEAM_COVID,Scenario D,US,99.29075191480841,16
84,MOBS_NEU-GLEAM_COVID,Scenario E,US,97.7177048518202,16
85,MOBS_NEU-GLEAM_COVID,Scenario A,US,170.33106867632398,17
86,MOBS_NEU-GLEAM_COVID,Scenario B,US,117.69579200072367,17
87,MOBS_NEU-GLEAM_COVID,Scenario C,US,118.41123289897394,17
88,MOBS_NEU-GLEAM_COVID,Scenario D,US,99.29081583629315,17
89,MOBS_NEU-GLEAM_COVID,Scenario E,US,97.72748331985706,17
90,MOBS_NEU-GLEAM_COVID,Scenario A,US,170.32910036092142,18
91,MOBS_NEU-GLEAM_COVID,Scenario B,US,117.69716220901081,18
92,MOBS_NEU-GLEAM_COVID,Scenario C,US,118.41496938533372,18
93,MOBS_NEU-GLEAM_COVID,Scenario D,US,99.28179133651021,18
94,MOBS_NEU-GLEAM_COVID,Scenario E,US,97.70914258149854,18
95,MOBS_NEU-GLEAM_COVID,Scenario A,US,170.33150506559025,19
96,MOBS_NEU-GLEAM_COVID,Scenario B,US,117.69517416047147,19
97,MOBS_NEU-GLEAM_COVID,Scenario C,US,118.4111336427056,19
98,MOBS_NEU-GLEAM_COVID,Scenario D,US,99.29531990919419,19
99,MOBS_NEU-GLEAM_COVID,Scenario E,US,97.72120380062593,19
100,MOBS_NEU-GLEAM_COVID,Scenario A,US,170.33212719333068,20
101,MOBS_NEU-GLEAM_COVID,Scenario B,US,117.69992701758036,20
102,MOBS_NEU-GLEAM_COVID,Scenario C,US,118.4134357248481,20
103,MOBS_NEU-GLEAM_COVID,Scenario D,US,99.29119708364072,20
104,MOBS_NEU-GLEAM_COVID,Scenario E,US,97.72080379574659,20
105,MOBS_NEU-GLEAM_COVID,Scenario A,US,170.32943559550193,21
106,MOBS_NEU-GLEAM_COVID,Scenario B,US,117.70098353373324,21
107,MOBS_NEU-GLEAM_COVID,Scenario C,US,118.41623569847707,21
108,MOBS_NEU-GLEAM_COVID,Scenario D,US,99.28999264494382,21
109,MOBS_NEU-GLEAM_COVID,Scenario E,US,97.72511698052136,21
110,MOBS_NEU-GLEAM_COVID,Scenario A,US,170.3300409351866,22
111,MOBS_NEU-GLEAM_COVID,Scenario B,US,117.69751957463995,22
112,MOBS_NEU-GLEAM_COVID,Scenario C,US,118.41261113493786,22
113,MOBS_NEU-GLEAM_COVID,Scenario D,US,99.28160644511121,22
114,MOBS_NEU-GLEAM_COVID,Scenario E,US,97.72028150519515,22
115,MOBS_NEU-GLEAM_COVID,Scenario A,US,170.33424850817528,23
116,MOBS_NEU-GLEAM_COVID,Scenario B,US,117.69822433876836,23
117,MOBS_NEU-GLEAM_COVID,Scenario C,US,118.40636478229752,23
118,MOBS_NEU-GLEAM_COVID,Scenario D,US,99.28643904260923,23
119,MOBS_NEU-GLEAM_COVID,Scenario E,US,97.71655433305209,23
120,MOBS_NEU-GLEAM_COVID,Scenario A,US,170.33564244656563,24
121,MOBS_NEU-GLEAM_COVID,Scenario B,US,117.69131636501311,24
122,MOBS_NEU-GLEAM_COVID,Scenario C,US,118.41494272260078,24
123,MOBS_NEU-GLEAM_COVID,Scenario D,US,99.2887041055945,24
124,MOBS_NEU-GLEAM_COVID,Scenario E,US,97.7255887932656,24
125,MOBS_NEU-GLEAM_COVID,Scenario A,US,170.32854867776237,25
126,MOBS_NEU-GLEAM_COVID,Scenario B,US,117.69453305165597,25
127,MOBS_NEU-GLEAM_COVID,Scenario C,US,118.40416859956605,25
128,MOBS_NEU-GLEAM_COVID,Scenario D,US,99.2866845946754,25
129,MOBS_NEU-GLEAM_COVID,Scenario E,US,97.73374097759763,25
130,MOBS_NEU-GLEAM_COVID,Scenario A,US,170.33152086012353,26
131,MOBS_NEU-GLEAM_COVID,Scenario B,US,117.69340295950813,26
132,MOBS_NEU-GLEAM_COVID,Scenario C,US,118.40601408826524,26
133,MOBS_NEU-GLEAM_COVID,Scenario D,US,99.29050012614093,26
134,MOBS_NEU-GLEAM_COVID,Scenario E,US,97.71594521937148,26
135,MOBS_NEU-GLEAM_COVID,Scenario A,US,170.33060756212717,27
136,MOBS_NEU-GLEAM_COVID,Scenario B,US,117.68779883865245,27
137,MOBS_NEU-GLEAM_COVID,Scenario C,US,118.41405937207462,27
138,MOBS_NEU-GLEAM_COVID,Scenario D,US,99.29699440329135,27
139,MOBS_NEU-GLEAM_COVID,Scenario E,US,97.70450205196107,27
140,MOBS_NEU-GLEAM_COVID,Scenario A,US,170.3321941259838,28
141,MOBS_NEU-GLEAM_COVID,Scenario B,US,117.69159412126015,28
142,MOBS_NEU-GLEAM_COVID,Scenario C,US,118.41126246525344,28
143,MOBS_NEU-GLEAM_COVID,Scenario D,US,99.28376806395842,28
144,MOBS_NEU-GLEAM_COVID,Scenario E,US,97.73561781789202,28
145,MOBS_NEU-GLEAM_COVID,Scenario A,US,170.3313745809158,29
146,MOBS_NEU-GLEAM_COVID,Scenario B,US,117.69590306442798,29
147,MOBS_NEU-GLEAM_COVID,Scenario C,US,118.40362564585529,29
148,MOBS_NEU-GLEAM_COVID,Scenario D,US,99.29051668604994,29
149,MOBS_NEU-GLEAM_COVID,Scenario E,US,97.73203125347939,29
150,MOBS_NEU-GLEAM_COVID,Scenario A,US,170.32834248923942,30
151,MOBS_NEU-GLEAM_COVID,Scenario B,US,117.69810269173499,30
152,MOBS_NEU-GLEAM_COVID,Scenario C,US,118.40354622597107,30
153,MOBS_NEU-GLEAM_COVID,Scenario D,US,99.28687389949175,30
154,MOBS_NEU-GLEAM_COVID,Scenario E,US,97.73534646140924,30
155,MOBS_NEU-GLEAM_COVID,Scenario A,US,170.32860736323534,31
156,MOBS_NEU-GLEAM_COVID,Scenario B,US,117.69876822131312,31
157,MOBS_NEU-GLEAM_COVID,Scenario C,US,118.40628302464104,31
158,MOBS_NEU-GLEAM_COVID,Scenario D,US,99.28631814529818,31
159,MOBS_NEU-GLEAM_COVID,Scenario E,US,97.7261732433012,31
160,MOBS_NEU-GLEAM_COVID,Scenario A,US,170.33349142731066,32
161,MOBS_NEU-GLEAM_COVID,Scenario B,US,117.69947076590468,32
162,MOBS_NEU-GLEAM_COVID,Scenario C,US,118.41025430783274,32
163,MOBS_NEU-GLEAM_COVID,Scenario D,US,99.28572364172764,32
164,MOBS_NEU-GLEAM_COVID,Scenario E,US,97.71613944689697,32
165,MOBS_NEU-GLEAM_COVID,Scenario A,US,170.32896178052084,33
166,MOBS_NEU-GLEAM_COVID,Scenario B,US,117.69583881667562,33
167,MOBS_NEU-GLEAM_COVID,Scenario C,US,118.41382904898073,33
168,MOBS_NEU-GLEAM_COVID,Scenario D,US,99.29354538465265,33
169,MOBS_NEU-GLEAM_COVID,Scenario E,US,97.73196858207396,33
170,MOBS_NEU-GLEAM_COVID,Scenario A,US,170.33348760390535,34
171,MOBS_NEU-GLEAM_COVID,Scenario B,US,117.70425963589614,34
172,MOBS_NEU-GLEAM_COVID,Scenario C,US,118.4121297374625,34
173,MOBS_NEU-GLEAM_COVID,Scenario D,US,99.27711407293413,34
174,MOBS_NEU-GLEAM_COVID,Scenario E,US,97.72489616162706,34
175,MOBS_NEU-GLEAM_COVID,Scenario A,US,170.33105524112474,35
176,MOBS_NEU-GLEAM_COVID,Scenario B,US,117.69690629975264,35
177,MOBS_NEU-GLEAM_COVID,Scenario C,US,118.41416914993738,35
178,MOBS_NEU-GLEAM_COVID,Scenario D,US,99.29015714348787,35
179,MOBS_NEU-GLEAM_COVID,Scenario E,US,97.7220120319058,35
180,MOBS_NEU-GLEAM_COVID,Scenario A,US,170.33096798090307,36
181,MOBS_NEU-GLEAM_COVID,Scenario B,US,117.69753106723522,36
182,MOBS_NEU-GLEAM_COVID,Scenario C,US,118.40903928663802,36
183,MOBS_NEU-GLEAM_COVID,Scenario D,US,99.2862062112201,36
184,MOBS_NEU-GLEAM_COVID,Scenario E,US,97.71747617908012,36
185,MOBS_NEU-GLEAM_COVID,Scenario A,US,170.3344300061913,37
186,MOBS_NEU-GLEAM_COVID,Scenario B,US,117.69501582149522,37
187,MOBS_NEU-GLEAM_COVID,Scenario C,US,118.40910431770645,37
188,MOBS_NEU-GLEAM_COVID,Scenario D,US,99.2950948294371,37
189,MOBS_NEU-GLEAM_COVID,Scenario E,US,97.72330350303932,37
190,MOBS_NEU-GLEAM_COVID,Scenario A,US,170.32743040760587,38
191,MOBS_NEU-GLEAM_COVID,Scenario B,US,117.69531534538349,38
192,MOBS_NEU-GLEAM_COVID,Scenario C,US,118.41141416109804,38
193,MOBS_NEU-GLEAM_COVID,Scenario D,US,99.295277386802,38
194,MOBS_NEU-GLEAM_COVID,Scenario E,US,97.72037384441224,38
195,MOBS_NEU-GLEAM_COVID,Scenario A,US,170.33176062287643,39
196,MOBS_NEU-GLEAM_COVID,Scenario B,US,117.69799601657874,39
197,MOBS_NEU-GLEAM_COVID,Scenario C,US,118.40585200645654,39
198,MOBS_NEU-GLEAM_COVID,Scenario D,US,99.29527615433916,39
199,MOBS_NEU-GLEAM_COVID,Scenario E,US,97.71000857093728,39
200,MOBS_NEU-GLEAM_COVID,Scenario A,US,170.3295056974371,40
201,MOBS_NEU-GLEAM_COVID,Scenario B,US,117.69033654111325,40
202,MOBS_NEU-GLEAM_COVID,Scenario C,US,118.41535931663462,40
203,MOBS_NEU-GLEAM_COVID,Scenario D,US,99.27931776171269,40
204,MOBS_NEU-GLEAM_COVID,Scenario E,US,97.72844159224847,40
205,MOBS_NEU-GLEAM_COVID,Scenario A,US,170.33112852471382,41
206,MOBS_NEU-GLEAM_COVID,Scenario B,US,117.70039254805468,41
207,MOBS_NEU-GLEAM_COVID,Scenario C,US,118.4133689717847,41
208,MOBS_NEU-GLEAM_COVID,Scenario D,US,99.29011383414264,41
209,MOBS_NEU-GLEAM_COVID,Scenario E,US,97.74534207950016,41
210,MOBS_NEU-GLEAM_COVID,Scenario A,US,170.3287470850256,42
211,MOBS_NEU-GLEAM_COVID,Scenario B,US,117.69691437079918,42
212,MOBS_NEU-GLEAM_COVID,Scenario C,US,118.41453012073289,42
213,MOBS_NEU-GLEAM_COVID,Scenario D,US,99.28692411362098,42
214,MOBS_NEU-GLEAM_COVID,Scenario E,US,97.72581665963315,42
215,MOBS_NEU-GLEAM_COVID,Scenario A,US,170.33112031370243,43
216,MOBS_NEU-GLEAM_COVID,Scenario B,US,117.69370187687358,43
217,MOBS_NEU-GLEAM_COVID,Scenario C,US,118.40433937339026,43
218,MOBS_NEU-GLEAM_COVID,Scenario D,US,99.29005957679222,43
219,MOBS_NEU-GLEAM_COVID,Scenario E,US,97.72283838119782,43
220,MOBS_NEU-GLEAM_COVID,Scenario A,US,170.33024612598751,44
221,MOBS_NEU-GLEAM_COVID,Scenario B,US,117.70027290348989,44
222,MOBS_NEU-GLEAM_COVID,Scenario C,US,118.40039608940178,44
223,MOBS_NEU-GLEAM_COVID,Scenario D,US,99.29095911580883,44
224,MOBS_NEU-GLEAM_COVID,Scenario E,US,97.7287959013344,44
225,MOBS_NEU-GLEAM_COVID,Scenario A,US,170.33070546554782,45
226,MOBS_NEU-GLEAM_COVID,Scenario B,US,117.69904929965686,45
227,MOBS_NEU-GLEAM_COVID,Scenario C,US,118.41469670542494,45
228,MOBS_NEU-GLEAM_COVID,Scenario D,US,99.28302159294012,45
229,MOBS_NEU-GLEAM_COVID,Scenario E,US,97.71113737020198,45
230,MOBS_NEU-GLEAM_COVID,Scenario A,US,170.32818424472018,46
231,MOBS_NEU-GLEAM_COVID,Scenario B,US,117.69930609290219,46
232,MOBS_NEU-GLEAM_COVID,Scenario C,US,118.41214251569555,46
233,MOBS_NEU-GLEAM_COVID,Scenario D,US,99.28623074833219,46
234,MOBS_NEU-GLEAM_COVID,Scenario E,US,97.71921857969174,46
235,MOBS_NEU-GLEAM_COVID,Scenario A,US,170.32722061528378,47
236,MOBS_NEU-GLEAM_COVID,Scenario B,US,117.69979094296271,47
237,MOBS_NEU-GLEAM_COVID,Scenario C,US,118.40621989414,47
238,MOBS_NEU-GLEAM_COVID,Scenario D,US,99.2689788796974,47
239,MOBS_NEU-GLEAM_COVID,Scenario E,US,97.73502568476668,47
240,MOBS_NEU-GLEAM_COVID,Scenario A,US,170.33077962551823,48
241,MOBS_NEU-GLEAM_COVID,Scenario B,US,117.69758401553823,48
242,MOBS_NEU-GLEAM_COVID,Scenario C,US,118.4168047669032,48
243,MOBS_NEU-GLEAM_COVID,Scenario D,US,99.2810447691302,48
244,MOBS_NEU-GLEAM_COVID,Scenario E,US,97.730729715298,48
245,MOBS_NEU-GLEAM_COVID,Scenario A,US,170.33201680790089,49
246,MOBS_NEU-GLEAM_COVID,Scenario B,US,117.69331819270653,49
247,MOBS_NEU-GLEAM_COVID,Scenario C,US,118.41619566548464,49
248,MOBS_NEU-GLEAM_COVID,Scenario D,US,99.28996686973137,49
249,MOBS_NEU-GLEAM_COVID,Scenario E,US,97.71830242229235,49
